Blockchain and HR,8
Compensation & Benefits,32
Digital HR,40
Digital HR Strategy,10
Digital HR Transformation,8
Diversity & Inclusion,20
Employee Experience & Design Thinking,12
Employer Branding,6
Global Data Integrity,12
Hiring & Recruitment Strategy,15
HR Analytics Leader,21
HR Business Partner 2.0,40
HR Data Analyst,18
HR Data Science in R,12
HR Data Visualization,12
HR Metrics & Reporting,40
Learning & Development,30
Organizational Development,30
People Analytics,40
Statistics in HR,15
Strategic HR Leadership,34
Strategic HR Metrics,17
Talent Acquisition,40